{
    "name": "Forest River Crossing",
    "background": "/map_backgrounds/Riverside Forest Road Crossing.jpg",
    "icons": {
        "2": {
            "file": "\\map_icons\\Meridith.png",
            "pos_x": 646,
            "pos_y": 772,
            "tag": "icon",
            "id_tag": "icon2"
        },
        "3": {
            "file": "\\map_icons\\Faen.png",
            "pos_x": 24,
            "pos_y": 308,
            "tag": "icon",
            "id_tag": "icon4"
        },
        "4": {
            "file": "\\map_icons\\1_red.png",
            "pos_x": 1011,
            "pos_y": 212,
            "tag": "icon",
            "id_tag": "icon5"
        },
        "5": {
            "file": "\\map_icons\\2_orange.png",
            "pos_x": 1007,
            "pos_y": 163,
            "tag": "icon",
            "id_tag": "icon6"
        },
        "6": {
            "file": "\\map_icons\\3_yellow.png",
            "pos_x": 1024,
            "pos_y": 211,
            "tag": "icon",
            "id_tag": "icon7"
        },
        "7": {
            "file": "\\map_icons\\4_lime.png",
            "pos_x": 1019,
            "pos_y": 161,
            "tag": "icon",
            "id_tag": "icon8"
        },
        "8": {
            "file": "\\map_icons\\5_green.png",
            "pos_x": 1106,
            "pos_y": 208,
            "tag": "icon",
            "id_tag": "icon9"
        },
        "9": {
            "file": "\\map_icons\\6_aqua.png",
            "pos_x": 1075,
            "pos_y": 222,
            "tag": "icon",
            "id_tag": "icon10"
        },
        "10": {
            "file": "\\map_icons\\7_sky.png",
            "pos_x": 51,
            "pos_y": 102,
            "tag": "icon",
            "id_tag": "icon11"
        },
        "11": {
            "file": "\\map_icons\\8_blue.png",
            "pos_x": 57,
            "pos_y": 208,
            "tag": "icon",
            "id_tag": "icon12"
        },
        "13": {
            "file": "/map_icons/Cart_LEFT-01.png",
            "pos_x": 1094,
            "pos_y": 160,
            "tag": "icon",
            "id_tag": "icon13"
        },
        "14": {
            "file": "/map_icons/Horse Left.png",
            "pos_x": 1059,
            "pos_y": 161,
            "tag": "icon",
            "id_tag": "icon14"
        },
        "15": {
            "file": "/map_icons/Daphiniana-01.png",
            "pos_x": 681,
            "pos_y": 766,
            "tag": "icon",
            "id_tag": "icon15"
        }
    },
    "mask": [
        [
            0,
            15
        ],
        [
            1,
            15
        ],
        [
            2,
            15
        ],
        [
            3,
            15
        ],
        [
            4,
            15
        ],
        [
            5,
            15
        ],
        [
            6,
            15
        ],
        [
            7,
            15
        ],
        [
            8,
            15
        ],
        [
            9,
            15
        ],
        [
            10,
            15
        ],
        [
            11,
            15
        ],
        [
            12,
            15
        ],
        [
            13,
            15
        ],
        [
            14,
            15
        ],
        [
            15,
            15
        ],
        [
            16,
            15
        ],
        [
            16,
            14
        ],
        [
            15,
            14
        ],
        [
            14,
            14
        ],
        [
            13,
            14
        ],
        [
            12,
            14
        ],
        [
            11,
            14
        ],
        [
            10,
            14
        ],
        [
            9,
            14
        ],
        [
            8,
            14
        ],
        [
            7,
            14
        ],
        [
            6,
            14
        ],
        [
            5,
            14
        ],
        [
            4,
            14
        ],
        [
            3,
            14
        ],
        [
            2,
            14
        ],
        [
            1,
            14
        ],
        [
            0,
            14
        ],
        [
            0,
            13
        ],
        [
            1,
            13
        ],
        [
            2,
            13
        ],
        [
            3,
            13
        ],
        [
            4,
            13
        ],
        [
            5,
            13
        ],
        [
            6,
            13
        ],
        [
            7,
            13
        ],
        [
            8,
            13
        ],
        [
            9,
            13
        ],
        [
            10,
            13
        ],
        [
            11,
            13
        ],
        [
            12,
            13
        ],
        [
            13,
            13
        ],
        [
            14,
            13
        ],
        [
            15,
            13
        ],
        [
            15,
            12
        ],
        [
            14,
            12
        ],
        [
            13,
            12
        ],
        [
            12,
            12
        ],
        [
            11,
            12
        ],
        [
            10,
            12
        ],
        [
            9,
            12
        ],
        [
            8,
            12
        ],
        [
            7,
            12
        ],
        [
            6,
            12
        ],
        [
            5,
            12
        ],
        [
            4,
            12
        ],
        [
            3,
            12
        ],
        [
            2,
            12
        ],
        [
            1,
            12
        ],
        [
            0,
            12
        ],
        [
            0,
            11
        ],
        [
            0,
            10
        ],
        [
            0,
            9
        ],
        [
            0,
            8
        ],
        [
            0,
            7
        ],
        [
            0,
            6
        ],
        [
            0,
            5
        ],
        [
            0,
            4
        ],
        [
            0,
            3
        ],
        [
            0,
            2
        ],
        [
            0,
            1
        ],
        [
            0,
            0
        ],
        [
            1,
            0
        ],
        [
            1,
            1
        ],
        [
            1,
            2
        ],
        [
            1,
            3
        ],
        [
            1,
            4
        ],
        [
            1,
            5
        ],
        [
            1,
            6
        ],
        [
            1,
            7
        ],
        [
            1,
            8
        ],
        [
            1,
            9
        ],
        [
            1,
            10
        ],
        [
            1,
            11
        ],
        [
            2,
            11
        ],
        [
            2,
            10
        ],
        [
            2,
            9
        ],
        [
            2,
            8
        ],
        [
            2,
            7
        ],
        [
            2,
            6
        ],
        [
            2,
            5
        ],
        [
            2,
            4
        ],
        [
            2,
            3
        ],
        [
            2,
            2
        ],
        [
            2,
            1
        ],
        [
            2,
            0
        ],
        [
            3,
            0
        ],
        [
            3,
            1
        ],
        [
            3,
            2
        ],
        [
            3,
            3
        ],
        [
            3,
            4
        ],
        [
            3,
            5
        ],
        [
            3,
            6
        ],
        [
            3,
            7
        ],
        [
            3,
            8
        ],
        [
            3,
            9
        ],
        [
            3,
            10
        ],
        [
            3,
            11
        ],
        [
            4,
            11
        ],
        [
            4,
            10
        ],
        [
            4,
            9
        ],
        [
            4,
            8
        ],
        [
            4,
            7
        ],
        [
            4,
            6
        ],
        [
            4,
            5
        ],
        [
            4,
            4
        ],
        [
            4,
            3
        ],
        [
            4,
            2
        ],
        [
            4,
            1
        ],
        [
            4,
            0
        ],
        [
            5,
            0
        ],
        [
            5,
            1
        ],
        [
            5,
            2
        ],
        [
            5,
            3
        ],
        [
            5,
            4
        ],
        [
            5,
            5
        ],
        [
            5,
            6
        ],
        [
            5,
            7
        ],
        [
            5,
            8
        ],
        [
            5,
            9
        ],
        [
            5,
            10
        ],
        [
            5,
            11
        ],
        [
            6,
            11
        ],
        [
            7,
            11
        ],
        [
            8,
            11
        ],
        [
            9,
            11
        ],
        [
            10,
            11
        ],
        [
            11,
            11
        ],
        [
            12,
            11
        ],
        [
            13,
            11
        ],
        [
            14,
            11
        ],
        [
            7,
            10
        ],
        [
            6,
            10
        ],
        [
            9,
            10
        ],
        [
            8,
            9
        ],
        [
            7,
            9
        ],
        [
            7,
            8
        ],
        [
            6,
            8
        ],
        [
            6,
            7
        ],
        [
            8,
            10
        ],
        [
            7,
            7
        ],
        [
            6,
            6
        ],
        [
            6,
            4
        ],
        [
            6,
            5
        ],
        [
            7,
            5
        ],
        [
            8,
            5
        ],
        [
            9,
            6
        ],
        [
            9,
            7
        ],
        [
            10,
            7
        ],
        [
            11,
            7
        ],
        [
            11,
            8
        ],
        [
            12,
            8
        ],
        [
            13,
            9
        ],
        [
            12,
            9
        ],
        [
            10,
            9
        ],
        [
            6,
            9
        ],
        [
            8,
            8
        ],
        [
            9,
            8
        ],
        [
            10,
            8
        ],
        [
            8,
            7
        ],
        [
            7,
            6
        ],
        [
            8,
            6
        ],
        [
            10,
            6
        ],
        [
            11,
            9
        ],
        [
            9,
            9
        ],
        [
            10,
            10
        ],
        [
            11,
            10
        ],
        [
            12,
            10
        ],
        [
            13,
            10
        ],
        [
            14,
            10
        ],
        [
            12,
            7
        ],
        [
            11,
            6
        ],
        [
            9,
            5
        ],
        [
            8,
            4
        ],
        [
            7,
            4
        ],
        [
            7,
            3
        ],
        [
            8,
            3
        ],
        [
            10,
            5
        ],
        [
            12,
            6
        ],
        [
            8,
            2
        ],
        [
            8,
            1
        ],
        [
            7,
            1
        ],
        [
            6,
            1
        ],
        [
            6,
            2
        ],
        [
            7,
            2
        ],
        [
            9,
            4
        ],
        [
            6,
            3
        ],
        [
            4,
            -1
        ],
        [
            4,
            -2
        ],
        [
            5,
            -1
        ],
        [
            6,
            0
        ],
        [
            7,
            0
        ],
        [
            8,
            0
        ],
        [
            8,
            -1
        ],
        [
            22,
            0
        ],
        [
            23,
            0
        ],
        [
            24,
            0
        ],
        [
            25,
            0
        ],
        [
            26,
            0
        ],
        [
            25,
            1
        ],
        [
            24,
            1
        ],
        [
            23,
            1
        ],
        [
            24,
            2
        ],
        [
            24,
            3
        ],
        [
            25,
            4
        ],
        [
            25,
            5
        ],
        [
            25,
            6
        ],
        [
            24,
            7
        ],
        [
            24,
            8
        ],
        [
            24,
            9
        ],
        [
            24,
            11
        ],
        [
            24,
            12
        ],
        [
            24,
            13
        ],
        [
            24,
            14
        ],
        [
            24,
            15
        ],
        [
            24,
            16
        ],
        [
            23,
            15
        ],
        [
            22,
            15
        ],
        [
            21,
            15
        ],
        [
            25,
            15
        ],
        [
            25,
            14
        ],
        [
            25,
            13
        ],
        [
            26,
            13
        ],
        [
            26,
            12
        ],
        [
            26,
            11
        ],
        [
            26,
            10
        ],
        [
            26,
            9
        ],
        [
            26,
            8
        ],
        [
            26,
            7
        ],
        [
            26,
            6
        ],
        [
            26,
            5
        ],
        [
            26,
            4
        ],
        [
            25,
            3
        ],
        [
            25,
            2
        ],
        [
            25,
            7
        ],
        [
            25,
            8
        ],
        [
            25,
            9
        ],
        [
            25,
            10
        ],
        [
            25,
            11
        ],
        [
            25,
            12
        ],
        [
            23,
            11
        ],
        [
            23,
            12
        ],
        [
            23,
            13
        ],
        [
            22,
            16
        ],
        [
            23,
            16
        ],
        [
            24,
            6
        ],
        [
            24,
            5
        ],
        [
            23,
            4
        ],
        [
            23,
            3
        ],
        [
            23,
            2
        ],
        [
            24,
            4
        ],
        [
            23,
            6
        ],
        [
            23,
            7
        ],
        [
            23,
            8
        ],
        [
            23,
            9
        ],
        [
            23,
            5
        ],
        [
            22,
            1
        ],
        [
            22,
            2
        ],
        [
            21,
            0
        ],
        [
            21,
            -1
        ],
        [
            21,
            1
        ],
        [
            21,
            2
        ],
        [
            22,
            3
        ],
        [
            22,
            4
        ],
        [
            22,
            6
        ],
        [
            22,
            5
        ],
        [
            22,
            7
        ],
        [
            22,
            8
        ],
        [
            22,
            9
        ],
        [
            23,
            14
        ],
        [
            15,
            11
        ],
        [
            15,
            10
        ],
        [
            15,
            9
        ],
        [
            14,
            8
        ],
        [
            14,
            9
        ],
        [
            13,
            8
        ],
        [
            13,
            7
        ],
        [
            14,
            7
        ],
        [
            0,
            15
        ],
        [
            1,
            15
        ],
        [
            2,
            15
        ],
        [
            3,
            15
        ],
        [
            4,
            15
        ],
        [
            5,
            15
        ],
        [
            6,
            15
        ],
        [
            7,
            15
        ],
        [
            8,
            15
        ],
        [
            9,
            15
        ],
        [
            10,
            15
        ],
        [
            11,
            15
        ],
        [
            12,
            15
        ],
        [
            13,
            15
        ],
        [
            14,
            15
        ],
        [
            15,
            15
        ],
        [
            16,
            15
        ],
        [
            16,
            14
        ],
        [
            15,
            14
        ],
        [
            14,
            14
        ],
        [
            13,
            14
        ],
        [
            12,
            14
        ],
        [
            11,
            14
        ],
        [
            10,
            14
        ],
        [
            9,
            14
        ],
        [
            8,
            14
        ],
        [
            7,
            14
        ],
        [
            6,
            14
        ],
        [
            5,
            14
        ],
        [
            4,
            14
        ],
        [
            3,
            14
        ],
        [
            2,
            14
        ],
        [
            1,
            14
        ],
        [
            0,
            14
        ],
        [
            0,
            13
        ],
        [
            1,
            13
        ],
        [
            2,
            13
        ],
        [
            3,
            13
        ],
        [
            4,
            13
        ],
        [
            5,
            13
        ],
        [
            6,
            13
        ],
        [
            7,
            13
        ],
        [
            8,
            13
        ],
        [
            9,
            13
        ],
        [
            10,
            13
        ],
        [
            11,
            13
        ],
        [
            12,
            13
        ],
        [
            13,
            13
        ],
        [
            14,
            13
        ],
        [
            15,
            13
        ],
        [
            15,
            12
        ],
        [
            14,
            12
        ],
        [
            13,
            12
        ],
        [
            12,
            12
        ],
        [
            11,
            12
        ],
        [
            10,
            12
        ],
        [
            9,
            12
        ],
        [
            8,
            12
        ],
        [
            7,
            12
        ],
        [
            6,
            12
        ],
        [
            5,
            12
        ],
        [
            4,
            12
        ],
        [
            3,
            12
        ],
        [
            2,
            12
        ],
        [
            1,
            12
        ],
        [
            0,
            12
        ],
        [
            0,
            11
        ],
        [
            0,
            10
        ],
        [
            0,
            9
        ],
        [
            0,
            8
        ],
        [
            0,
            7
        ],
        [
            0,
            6
        ],
        [
            0,
            5
        ],
        [
            0,
            4
        ],
        [
            0,
            3
        ],
        [
            0,
            2
        ],
        [
            0,
            1
        ],
        [
            0,
            0
        ],
        [
            1,
            0
        ],
        [
            1,
            1
        ],
        [
            1,
            2
        ],
        [
            1,
            3
        ],
        [
            1,
            4
        ],
        [
            1,
            5
        ],
        [
            1,
            6
        ],
        [
            1,
            7
        ],
        [
            1,
            8
        ],
        [
            1,
            9
        ],
        [
            1,
            10
        ],
        [
            1,
            11
        ],
        [
            2,
            11
        ],
        [
            2,
            10
        ],
        [
            2,
            9
        ],
        [
            2,
            8
        ],
        [
            2,
            7
        ],
        [
            2,
            6
        ],
        [
            2,
            5
        ],
        [
            2,
            4
        ],
        [
            2,
            3
        ],
        [
            2,
            2
        ],
        [
            2,
            1
        ],
        [
            2,
            0
        ],
        [
            3,
            0
        ],
        [
            3,
            1
        ],
        [
            3,
            2
        ],
        [
            3,
            3
        ],
        [
            3,
            4
        ],
        [
            3,
            5
        ],
        [
            3,
            6
        ],
        [
            3,
            7
        ],
        [
            3,
            8
        ],
        [
            3,
            9
        ],
        [
            3,
            10
        ],
        [
            3,
            11
        ],
        [
            4,
            11
        ],
        [
            4,
            10
        ],
        [
            4,
            9
        ],
        [
            4,
            8
        ],
        [
            4,
            7
        ],
        [
            4,
            6
        ],
        [
            4,
            5
        ],
        [
            4,
            4
        ],
        [
            4,
            3
        ],
        [
            4,
            2
        ],
        [
            4,
            1
        ],
        [
            4,
            0
        ],
        [
            5,
            0
        ],
        [
            5,
            1
        ],
        [
            5,
            2
        ],
        [
            5,
            3
        ],
        [
            5,
            4
        ],
        [
            5,
            5
        ],
        [
            5,
            6
        ],
        [
            5,
            7
        ],
        [
            5,
            8
        ],
        [
            5,
            9
        ],
        [
            5,
            10
        ],
        [
            5,
            11
        ],
        [
            6,
            11
        ],
        [
            7,
            11
        ],
        [
            8,
            11
        ],
        [
            9,
            11
        ],
        [
            10,
            11
        ],
        [
            11,
            11
        ],
        [
            12,
            11
        ],
        [
            13,
            11
        ],
        [
            14,
            11
        ],
        [
            7,
            10
        ],
        [
            6,
            10
        ],
        [
            9,
            10
        ],
        [
            8,
            9
        ],
        [
            7,
            9
        ],
        [
            7,
            8
        ],
        [
            6,
            8
        ],
        [
            6,
            7
        ],
        [
            8,
            10
        ],
        [
            7,
            7
        ],
        [
            6,
            6
        ],
        [
            6,
            4
        ],
        [
            6,
            5
        ],
        [
            7,
            5
        ],
        [
            8,
            5
        ],
        [
            9,
            6
        ],
        [
            9,
            7
        ],
        [
            10,
            7
        ],
        [
            11,
            7
        ],
        [
            11,
            8
        ],
        [
            12,
            8
        ],
        [
            13,
            9
        ],
        [
            12,
            9
        ],
        [
            10,
            9
        ],
        [
            6,
            9
        ],
        [
            8,
            8
        ],
        [
            9,
            8
        ],
        [
            10,
            8
        ],
        [
            8,
            7
        ],
        [
            7,
            6
        ],
        [
            8,
            6
        ],
        [
            10,
            6
        ],
        [
            11,
            9
        ],
        [
            9,
            9
        ],
        [
            10,
            10
        ],
        [
            11,
            10
        ],
        [
            12,
            10
        ],
        [
            13,
            10
        ],
        [
            14,
            10
        ],
        [
            12,
            7
        ],
        [
            11,
            6
        ],
        [
            9,
            5
        ],
        [
            8,
            4
        ],
        [
            7,
            4
        ],
        [
            7,
            3
        ],
        [
            8,
            3
        ],
        [
            10,
            5
        ],
        [
            12,
            6
        ],
        [
            8,
            2
        ],
        [
            8,
            1
        ],
        [
            7,
            1
        ],
        [
            6,
            1
        ],
        [
            6,
            2
        ],
        [
            7,
            2
        ],
        [
            9,
            4
        ],
        [
            6,
            3
        ],
        [
            4,
            -1
        ],
        [
            4,
            -2
        ],
        [
            5,
            -1
        ],
        [
            6,
            0
        ],
        [
            7,
            0
        ],
        [
            8,
            0
        ],
        [
            8,
            -1
        ],
        [
            22,
            0
        ],
        [
            23,
            0
        ],
        [
            24,
            0
        ],
        [
            25,
            0
        ],
        [
            26,
            0
        ],
        [
            25,
            1
        ],
        [
            24,
            1
        ],
        [
            23,
            1
        ],
        [
            24,
            2
        ],
        [
            24,
            3
        ],
        [
            25,
            4
        ],
        [
            25,
            5
        ],
        [
            25,
            6
        ],
        [
            24,
            7
        ],
        [
            24,
            8
        ],
        [
            24,
            9
        ],
        [
            24,
            11
        ],
        [
            24,
            12
        ],
        [
            24,
            13
        ],
        [
            24,
            14
        ],
        [
            24,
            15
        ],
        [
            24,
            16
        ],
        [
            23,
            15
        ],
        [
            22,
            15
        ],
        [
            21,
            15
        ],
        [
            25,
            15
        ],
        [
            25,
            14
        ],
        [
            25,
            13
        ],
        [
            26,
            13
        ],
        [
            26,
            12
        ],
        [
            26,
            11
        ],
        [
            26,
            10
        ],
        [
            26,
            9
        ],
        [
            26,
            8
        ],
        [
            26,
            7
        ],
        [
            26,
            6
        ],
        [
            26,
            5
        ],
        [
            26,
            4
        ],
        [
            25,
            3
        ],
        [
            25,
            2
        ],
        [
            25,
            7
        ],
        [
            25,
            8
        ],
        [
            25,
            9
        ],
        [
            25,
            10
        ],
        [
            25,
            11
        ],
        [
            25,
            12
        ],
        [
            23,
            11
        ],
        [
            23,
            12
        ],
        [
            23,
            13
        ],
        [
            22,
            16
        ],
        [
            23,
            16
        ],
        [
            24,
            6
        ],
        [
            24,
            5
        ],
        [
            23,
            4
        ],
        [
            23,
            3
        ],
        [
            23,
            2
        ],
        [
            24,
            4
        ],
        [
            23,
            6
        ],
        [
            23,
            7
        ],
        [
            23,
            8
        ],
        [
            23,
            9
        ],
        [
            23,
            5
        ],
        [
            22,
            1
        ],
        [
            22,
            2
        ],
        [
            21,
            0
        ],
        [
            21,
            -1
        ],
        [
            21,
            1
        ],
        [
            21,
            2
        ],
        [
            22,
            3
        ],
        [
            22,
            4
        ],
        [
            22,
            6
        ],
        [
            22,
            5
        ],
        [
            22,
            7
        ],
        [
            22,
            8
        ],
        [
            22,
            9
        ],
        [
            23,
            14
        ],
        [
            15,
            11
        ],
        [
            15,
            10
        ],
        [
            15,
            9
        ],
        [
            14,
            8
        ],
        [
            14,
            9
        ],
        [
            13,
            8
        ],
        [
            13,
            7
        ],
        [
            14,
            7
        ],
        [
            24,
            10
        ],
        [
            23,
            10
        ],
        [
            22,
            10
        ],
        [
            21,
            10
        ],
        [
            20,
            10
        ],
        [
            20,
            11
        ],
        [
            20,
            12
        ],
        [
            21,
            12
        ],
        [
            21,
            11
        ],
        [
            22,
            13
        ],
        [
            22,
            12
        ],
        [
            22,
            11
        ],
        [
            19,
            12
        ],
        [
            19,
            13
        ],
        [
            19,
            14
        ],
        [
            19,
            15
        ],
        [
            20,
            15
        ],
        [
            20,
            16
        ],
        [
            21,
            14
        ],
        [
            22,
            14
        ],
        [
            20,
            13
        ],
        [
            20,
            14
        ],
        [
            21,
            13
        ],
        [
            18,
            13
        ],
        [
            18,
            14
        ],
        [
            17,
            14
        ],
        [
            17,
            15
        ],
        [
            18,
            15
        ],
        [
            18,
            16
        ],
        [
            18,
            12
        ],
        [
            17,
            12
        ],
        [
            16,
            12
        ],
        [
            17,
            13
        ],
        [
            16,
            13
        ],
        [
            19,
            11
        ],
        [
            18,
            11
        ],
        [
            17,
            10
        ],
        [
            16,
            10
        ],
        [
            18,
            10
        ],
        [
            17,
            11
        ],
        [
            19,
            10
        ],
        [
            16,
            11
        ]
    ]
}