{
    "name": "Bullywug Cavern",
    "background": "\\map_backgrounds/Riverside Forest Road Crossing.jpg",
    "icons": {
        "1": {
            "file": "\\map_icons\\Silver.png",
            "pos_x": 970,
            "pos_y": 700,
            "tag": "icon",
            "id_tag": "icon1"
        },
        "2": {
            "file": "\\map_icons\\Meridith.png",
            "pos_x": 1000,
            "pos_y": 700,
            "tag": "icon",
            "id_tag": "icon2"
        },
        "3": {
            "file": "\\map_icons\\Coal.png",
            "pos_x": 1030,
            "pos_y": 700,
            "tag": "icon",
            "id_tag": "icon3"
        },
        "4": {
            "file": "\\map_icons\\Faen.png",
            "pos_x": 1060,
            "pos_y": 700,
            "tag": "icon",
            "id_tag": "icon4"
        },
        "5": {
            "file": "\\map_icons\\1_red.png",
            "pos_x": 20,
            "pos_y": 60,
            "tag": "icon",
            "id_tag": "icon5"
        },
        "6": {
            "file": "\\map_icons\\2_orange.png",
            "pos_x": 20,
            "pos_y": 80,
            "tag": "icon",
            "id_tag": "icon6"
        },
        "7": {
            "file": "\\map_icons\\3_yellow.png",
            "pos_x": 20,
            "pos_y": 100,
            "tag": "icon",
            "id_tag": "icon7"
        },
        "8": {
            "file": "\\map_icons\\4_lime.png",
            "pos_x": 20,
            "pos_y": 120,
            "tag": "icon",
            "id_tag": "icon8"
        },
        "9": {
            "file": "\\map_icons\\5_green.png",
            "pos_x": 20,
            "pos_y": 140,
            "tag": "icon",
            "id_tag": "icon9"
        },
        "10": {
            "file": "\\map_icons\\6_aqua.png",
            "pos_x": 20,
            "pos_y": 160,
            "tag": "icon",
            "id_tag": "icon10"
        },
        "11": {
            "file": "\\map_icons\\7_sky.png",
            "pos_x": 20,
            "pos_y": 180,
            "tag": "icon",
            "id_tag": "icon11"
        },
        "12": {
            "file": "\\map_icons\\8_blue.png",
            "pos_x": 20,
            "pos_y": 200,
            "tag": "icon",
            "id_tag": "icon12"
        },
        "13": {
            "file": "\\map_icons\\9_purple.png",
            "pos_x": 20,
            "pos_y": 220,
            "tag": "icon",
            "id_tag": "icon13"
        },
        "14": {
            "file": "\\map_icons\\10_pink.png",
            "pos_x": 20,
            "pos_y": 240,
            "tag": "icon",
            "id_tag": "icon14"
        }
    },
    "mask": []
}